id,nombre,descripcion,costo,gratis,lugar,direccion,municipio_id,categoria,enlaceboletos,boletos_por_localidad,imagen,activo
65,3ra EdiciÃ³n ClÃ¡sico del Norte,"3ra EdiciÃ³n ClÃ¡sico del Norte
 FederaciÃ³n de Muay Thai de Puerto Rico
 
 
 ğŸ—“ï¸ sÃ¡bado, 28 de febrero de 2026
 â° 4:00 PM
 ğŸ“ Coliseo BoxÃ­stico Pedro RodrÃ­guez Gaya, CataÃ±o, Puerto Rico
 
 Precio:
 General: $30.00 + ivu + c.s.",$30.00,false,Coliseo BoxÃ­stico Pedro RodrÃ­guez Gaya,"Coliseo BoxÃ­stico Pedro RodrÃ­guez Gaya, CataÃ±o, Puerto Rico",17,3,https://boletos.prticket.com/events/en/3raedicionmuaythai,false,https://boletos.prticket.com/events/img_web/3/590/2302/m_poster.jpg,true
66,7 VECES SIETE,"7 VECES SIETE
 
 El actor Julio Ramos presenta su espectÃ¡culo unipersonal 7 VECES SIETE. El tema de los pecados capitales sirve de enlace para siete historias comisionadas a siete escritores puertorriqueÃ±os: Carlos Vega, JosÃ© Luis Ramos Escobar, Gerard Paul MarÃ­n, Roberto Ramos-Perea, Freddy Acevedo, Julio Ramos y Jorge GonzÃ¡lez. En estos textos teatrales los autores nos presentan una visiÃ³n contemporÃ¡nea de los 7 pecados capitales. 7VECES SIETE estrenÃ³ en 2005 y continuÃ³ presentÃ¡ndose con mucho Ã©xito en diferentes ciudades y recintos universitarios con mÃ¡s de 30 funciones, culminando en el 2010 con su Ãºltima funciÃ³n en la ciudad de NY. El concepto de esta producciÃ³n es un unipersonal ejecutado por el actor Julio Ramos, quien, a travÃ©s de mÃºltiples disciplinas teatrales, nos presentarÃ¡ a un hombre en un viaje existencial agobiado por su realidad. En este montaje vemos personajes rendidos ante su realidad donde los valores universales estÃ¡n en un segundo plano. ParecerÃ­a que el cÃ³digo moral de los pecados capitales no ayuda a rescatar la mejor parte de la raza humana y lo que plantea es una lucha existencial cargada de cuestionamientos filosÃ³ficos y a la misma vez cotidianos. El equipo que completa este trabajo experimental son Elvin Omar como asistente de direcciÃ³n, Jorge RamÃ­rez, diseÃ±o de iluminaciÃ³n, Roig BerrÃ­os, diseÃ±o de sonido y Leslie Van Zandt coordinaciÃ³n de vestuario. Todo bajo la direcciÃ³n de Iliana GarcÃ­a, en un concepto de Julio Ramos e Iliana GarcÃ­a. ProducciÃ³n general De la Legua Inc.
 
 Las funciones son del 5 al 8 de marzo en el espacio/taller:
 ğŸ—“ï¸ jueves, 5 de marzo de 2026 â° 8:00 PM
 ğŸ—“ï¸ viernes, 6 de marzo de 2026 â° 8:00 PM
 ğŸ—“ï¸ sÃ¡bado, 7 de marzo de 2026 â° 8:00 PM
 ğŸ—“ï¸ domingo, 8 de marzo de 2026 â° 4:00 PM
 ğŸ“ AGUA SOL Y SERENO, San Juan, Puerto Rico (1106 Ave Las Palmas, Santurce)
 
 Precio:
 General: $20.00 + ivu + c.s.
 
 No apta para menores de 15 aÃ±os",$20.00,false,AGUA SOL Y SERENO,"AGUA SOL Y SERENO, San Juan, Puerto Rico (1106 Ave Las Palmas, Santurce)",65,7,https://boletos.prticket.com/events/en/7vecessiete,false,https://boletos.prticket.com/events/img_web/3/591/2309/m_poster.jpg,true
67,Anastasia: EdiciÃ³n Juvenil,"Anastasia: EdiciÃ³n Juvenil
 
 El Taller de Teatro Musical de la UHS y el Teatro UPR presentarÃ¡n Anastasia: EdiciÃ³n Juvenil bajo la direcciÃ³n general del profesor David Ocasio Vega y la direcciÃ³n artÃ­stica a cargo de los estudiantes Suil MartÃ­nez y JoaquÃ­n De JesÃºs. Anastasia: EdiciÃ³n Juvenil es una adaptaciÃ³n del aclamado musical de Broadway, inspirada tanto en la historia de la Gran Duquesa Anastasia Romanov como en la recordada pelÃ­cula animada que conquistÃ³ al pÃºblico a nivel mundial. Esta versiÃ³n juvenil estÃ¡ a cargo del Taller de Teatro Musical de la Escuela Secundaria de la Universidad de Puerto Rico (UHS) y ha sido diseÃ±ada especialmente para elencos de nivel elemental e intermedio. La producciÃ³n reÃºne a cerca de 50 estudiantes y presenta una emocionante travesÃ­a que nos transporta desde la Rusia imperial hasta las deslumbrantes calles de ParÃ­s, acompaÃ±ada de una partitura inolvidable y una narrativa cargada de esperanza y emociÃ³n. La historia sigue a Anya, una joven valiente decidida a descubrir la verdad sobre su pasado. En su recorrido desde San Petersburgo, se une a Dimitri y Vlad, dos estafadores de buen corazÃ³n que ven en ella la posibilidad de transformar sus propias vidas. Juntos enfrentarÃ¡n peligros, dudas y secretos, mientras son perseguidos por el implacable Gleb, decidido a proteger el legado de la nueva Rusia. Entre recuerdos fragmentados, romances inesperados y el anhelo profundo de pertenecer, Anastasia: EdiciÃ³n Juvenil se convierte en un relato conmovedor sobre la identidad, la familia y la fuerza de creer en uno mismo. La obra nos recuerda que, incluso en los momentos mÃ¡s oscuros, la esperanza puede guiarnos hacia la luz. 
 
 ğŸ—“ï¸ jueves, 26 de febrero de 2026
 â° 7:00 PM
 ğŸ“ Teatro de la Universidad de Puerto Rico en RÃ­o Piedras, San Juan, Puerto Rico
 
 Precio: 
 General: $20.00 + c.s.",$20.00,false,Teatro de la Universidad de Puerto Rico,"Teatro de la Universidad de Puerto Rico, San Juan, Puerto Rico",65,7,https://boletos.prticket.com/events/en/anastasiaedicionjuvenil,false,https://boletos.prticket.com/events/img_web/3/55/2315/m_poster.jpg,true
68,Asalto,"Asalto
 
 Una historia llena de enredos e identidades confundidas, con el tono humorÃ­stico e irreverente de Teatro Breve. El dueÃ±o y presidente de una empresa puertorriqueÃ±a estÃ¡ por retirarse y no se sabe a quiÃ©n le dejarÃ¡ la compaÃ±Ã­a. En una fiesta navideÃ±a se encuentran sus hijos, su nueva esposa y su ex, ademÃ¡s de un empresario que posiblemente asumirÃ¡ la presidencia de la compaÃ±Ã­a. Es en esta fiesta donde el complot de uno de los hijos para quedarse con la empresa saldrÃ¡ totalmente mal, en un error tras otro lleno de comedia.
 
 ğŸ—“ï¸ Desde el 10 de Marzo de 2026 - â° 8:00pm
 ğŸ“ Teatro Shorty Castro en Santurce, San Juan, Puerto Rico
 
 Precios:
 Planta Baja - $20.00 + ivu & c.s.
 Planta Alta - $15.00 + ivu & c.s.",desde $15.00,false,Teatro Shorty Castro en Santurce,"Teatro Shorty Castro en Santurce, San Juan, Puerto Rico",65,7,https://boletos.prticket.com/events/en/asalto,false,https://boletos.prticket.com/events/img_web/3/4/2301/m_poster.jpg,true
69,Asian Spring Fest 2026,"Asian Spring Fest 2026
 Â¡Vive la magia y la energÃ­a de la cultura asiÃ¡tica en Puerto Rico! ğŸŒ¸âœ¨ 
 
 Disfruta de un evento familiar Ãºnico con presentaciones de K-Pop, exhibiciones de anime, impresionantes Itasha (carros decorados con arte japonÃ©s), competencias de baile, videojuegos, gastronomÃ­a asiÃ¡tica, exhibidores, invitados especiales y mucho mÃ¡s. ğŸŒğŸ®ğŸœ 
 
 
 ğŸ—“ ï¸ domingo, 1 de marzo de 2026 
 
 â° 9:00 AM â€“ VIP 
 
 â° 10:00 AM â€“ General 
 
 Cierre â€“ 8:00 PM 
 
 ğŸ“ Hall C â€“ Centro de Convenciones de Puerto Rico en San Juan, Puerto Rico 
 
 
 PrepÃ¡rate para sumergirte en un dÃ­a lleno de mÃºsica, color y tradiciÃ³n. 
 
 ğŸŸ Â¡Adquiere tus boletos y sÃ© parte de esta experiencia 
 
 
 Taquilla General Early Bird: $25.00 + ivu + c.s. 
 
 Taquilla General: $30.00 + ivu + c.s. 
 
 VIP Early Bird: $75.00 + ivu + c.s. 
 
 VIP General: $85.00 + ivu + c.s. 
 
 
 VIP INCLUYE: 
 
 1. Fila Fast Pass 
 
 2. â  BaÃ±os Preferenciales 
 
 3. â  Entrada 1 hora antes 
 
 4. â  Fila VIP AutÃ³grafos (AutÃ³grafo NO incluido) 
 5. â  1 Lanyard 
 6. â  1 Tote Bag 
 7. â  1 Bandita Conmemorativa 
 8. â  1 Poster Autografeado (K-Pop) 
 9. â  1 Camisa Conmemorativa",desde $25.00,false,Centro de Convenciones P.R.,"Centro de Convenciones P.R., San Juan, San Juan",65,4,https://boletos.prticket.com/events/en/asianspringfest2026,false,https://boletos.prticket.com/events/img_web/3/35/2116/m_poster.jpg,true
70,Baby Expo PR,"Baby Expo PR
 
 Baby Expo PR es un evento familiar y educativo diseÃ±ado para acompaÃ±ar a madres, padres y futuras familias en cada etapa del embarazo y la crianza. 
 ReÃºne en un solo espacio a marcas, profesionales de la salud, expertos en lactancia, bienestar infantil y productos especializados, ofreciendo charlas educativas, experiencias interactivas y acceso directo a recursos confiables. MÃ¡s que una expo, es una plataforma de orientaciÃ³n, comunidad y apoyo para la nueva generaciÃ³n de familias en Puerto Rico.
 
 ğŸ—“ï¸ domingo, 15 de marzo de 2026
 â° 11:00 AM
 ğŸ“ Segundo Nivel de Plaza las AmÃ©ricas (Antiguo Sears), San Juan, Puerto Rico
 
 Precio:
 General: $5.00 + ivu + c.s.
 NiÃ±os (0-12 aÃ±os) Entran Gratis",$5.00,false,Segundo Nivel de Plaza las AmÃ©ricas (Antiguo Sears),"Segundo Nivel de Plaza las AmÃ©ricas (Antiguo Sears), San Juan, Puerto Rico",65,4,https://boletos.prticket.com/events/en/babyexpo,false,https://boletos.prticket.com/events/img_web/3/552/2321/m_poster.jpg,true
71,La Batalla en La MontaÃ±a,"La Batalla en La MontaÃ±a
 
 De Naranjito para el MUNDO La nueva sensaciÃ³n del boxeo boricua, Abner Figueroa, quien viene de una impresionante victoria ante el evadido Edwin â€˜Put*â€™ RodrÃ­guez, en el icÃ³nico Coliseo Roberto Clemente, regresa a su casa, Naranjito, el sÃ¡bado, 21 de marzo en el Coliseo Ãngel â€˜Gelitoâ€™ Ortega. Figueroa estarÃ¡ peleando por el vacante tÃ­tulo Nacional de Puerto Rico en el peso gallo ante el siempre emocionante Gabriel Bernardi, peleador de la escuadra de Luis Espada, entrenador que en su resume tiene campeonatos mundiales con JosÃ© Pedraza en dos divisiones y Jonathan â€˜Bombaâ€™ GonzÃ¡lez en una divisiÃ³n. Por su parte, Figueroa es entrenado por Emilio Lozada, tÃ©cnico que ha recibido varios reconocimientos por su trayectoria en y fuera del ring. Su escuadra es muy cotizada. Seis adicionales combates de boxeo profesional y cinco de boxeo aficionado completarÃ¡n el evento. Para mas informaciÃ³n visitar las redes de la promotora @la22sports en IG y FB
 
 
 
 ğŸ—“ï¸ sÃ¡bado, 21 de marzo de 2026
 â° 7:00PM (Puertas abren a las 5:00PM)
 ğŸ“ Cancha Gelito Ortega, Naranjito, Puerto Rico
 
 Precios:
 Red Carpet: $65.00 + ivu + c.s.
 Ring Side: $50.00 + ivu + c.s.
 General: $30.00 + ivu + c.s.",desde $30.00,false,Cancha Gelito Ortega,"Cancha Gelito Ortega, Naranjito, Puerto Rico",54,3,https://boletos.prticket.com/events/en/batallaenlamontana,false,https://boletos.prticket.com/events/img_web/3/62/2295/m_poster.jpg,true
72,Big Time Boxing Puerto Rico 2,"Big Time Boxing Puerto Rico 2
 
 Universal Promotions y Salita Promotions regresan a San Juan para presentar El Mejor Boxeo de Puerto Rico en â€œBIG TIME BOXINGâ€ el jueves, 19 de marzo en el Coliseito PedrÃ­n Zorrilla.
 
 El cotizado prospecto de ascendencia boricua, FÃ©lix Parrilla (12-0, 10KOs), subirÃ¡ al cuadrilÃ¡tero con la misiÃ³n de conquistar un cinturÃ³n de la OMB en la divisiÃ³n pluma (126 libras).
 
 Abisael â€œEl Sobrinoâ€ Cotto (10-0, 8KOs) tendrÃ¡ una interesante prueba a 10 asaltos en las 130 libras ante el dominicano Derlyn HernÃ¡ndez, esto en combate por campeonato de la AMB.
 
 El prometedor peleador de peso ligero (135 libras), Angel Carranza (11-1, 8KOs), tendrÃ¡ un importante reto a ocho episodios.
 
 La querendona del boxeo femenino de Puerto Rico, Kiria Tapia (8-0, 1KO), regresarÃ¡ a la acciÃ³n en combate pactado a ocho episodios en la divisiÃ³n sÃºper pluma (130 libras). 
 
 Otros cuatro combates completarÃ¡n la emocionante cartelera. 
 
 ğŸ—“ï¸ Jueves, 19 de marzo de 2026
 â° 6:00pm
 ğŸ“Coliseito Pedrin Zorrilla, San Juan
 
 Precios:
 Red Carpet -$100.00 + ivu & c.s.
 Ring Side - $60.00 + ivu & c.s.
 General - $25.00 + ivu & c.s.",desde $25.00,false,Coliseito Pedrin Zorrilla,"Coliseito Pedrin Zorrilla, San Juan",65,3,https://boletos.prticket.com/events/en/big-time,false,https://boletos.prticket.com/events/img_web/3/70/2155/m_poster.jpg,true
73,Cangrejeras de Santurce,"Cangrejeras de Santurce
 Liga de Voleibol Superior Femenino - Temporada 2026
 
 Partidos Locales -
 Viernes, 30 de enero de 2026 â€“ vs ManatÃ­ - 8:00pm 
 SÃ¡bado, 7 de febrero de 2026 â€“ vs ManatÃ­ - 8:00pm 
 Lunes, 9 de febrero de 2026 â€“ vs Juncos - 8:00pm 
 Viernes, 13 de febrero de 2026 â€“ vs Juncos - 8:00pm 
 Domingo, 15 de febrero de 2026 â€“ vs Caguas - 6:00pm 
 Viernes, 20 de febrero de 2026 â€“ vs Corozal - 8:00pm 
 Domingo, 22 de febrero de 2026 â€“ vs Ponce - 6:00pm 
 Viernes, 13 de marzo de 2026 â€“ vs Corozal - 8:00pm 
 Domingo, 15 de marzo de 2026 â€“ vs Ponce - 6:00pm 
 
 ğŸ“ Coliseo Roberto Clemente, San Juan
 
 Precios :
 Palco - $12.00 + ivu & c.s.
 General - $8.00 + ivu & c.s.",desde $8.00,false,Coliseo Roberto Clemente,"Coliseo Roberto Clemente, San Juan",65,3,https://boletos.prticket.com/events/en/cangrejeras,false,https://boletos.prticket.com/events/img_web/3/12/485/m_poster.jpg,true
74,Caribbean Volleyball Championship 2026,"Caribbean Volleyball Championship 2026
 
 Primer Torneo 
 ğŸ—“ï¸ 5-8 de Marzo de 2026 ( Boys All and Girls 8-13U ) Open and Club Division 
 
 Segundo Torneo 
 ğŸ—“ï¸ 9-11 de Marzo de 2026 ( Girls 11-17U ) Classic Division 
 
 Tercer Torneo 
 ğŸ—“ï¸ 13-15 de Marzo de 2026 ( Girls 14-18U ) Open and Club Divisions 
 
 â° 8:00am - 8:00pm
 ğŸ“ Centro de Convenciones de Puerto Rico, San Juan
 
 Precios:
 Tournament Pass (Acceso por el periodo de cada torneo) 
 Adultos - $43.00 + ivu & c.s. 
 NiÃ±os- $34.00 + ivu & c.s. 
 
 Entrada por dÃ­a 
 Adultos - $16.00 + Ivu & c.s.
 NiÃ±os - $12.00+ Ivu & c.s.",desde $12.00,false,Centro de Convenciones de Puerto Rico,"Centro de Convenciones de Puerto Rico, San Juan",65,3,https://boletos.prticket.com/events/en/caribbean2026,false,https://boletos.prticket.com/events/img_web/3/35/1868/m_poster.jpg,true
75,Carlos Sanchez en Puerto Rico,"Carlos Sanchez en Puerto Rico
 Carlos Sanchez es un comediante Dominicano que reside en Santo Domingo. Ha girado por todo el mundo y ha lanzado varios especiales de comedia. Carlos se ha presentado en Netflix is a Joke Festival, Miami es un Chiste, y varios mÃ¡s en los Estados Unidos. Creador de Esto No Son Horas, uno de los shows mÃ¡s exitosos en RD.
 
 ğŸ—“ï¸ domingo, 22 de febrero de 2026
 â° 6:30 PM
 ğŸ“ Teatro Braulio Castillo, BayamÃ³n, Puerto Rico
 
 Precios:
 Planta Baja A-D = $49.00 + ivu + c.s.
 Planta Baja E-H = $45.00 + ivu + c.s.
 Planta Alta = $39.00 + ivu + c.s.",desde $39.00,false,Teatro Braulio Castillo,"Teatro Braulio Castillo, BayamÃ³n, Puerto Rico",11,7,https://boletos.prticket.com/events/en/carlossanchezenpr,false,https://boletos.prticket.com/events/img_web/3/27/2278/m_poster.jpg,true
76,Â¿Cortadito o capuchino?,"Â¿Cortadito o capuchino?
 
 Regresa a Abracadabra la exitosa obra de teatro 'Â¿Cortadito o capuchino?', una historia de dos enamorados que desafÃ­an clases sociales y presiones familiares para apostar a quererse.
 'Â¿Cortadito o capuchino?' es una historia de amor entre clases sociales, inspirada en ""Los de la Mesa 10"" de Osvaldo DragÃºn, narrada por meseros que cantan y actÃºan la trama de dos enamorados y sus familias. Combina teatro, mÃºsica y gastronomÃ­a, creando una experiencia Ãºnica.
 DespuÃ©s de varias temporadas en Abracadabra, se convirtiÃ³ en un clÃ¡sico del teatro interactivo en Puerto Rico y regresa a escena con las actuaciones de Israel Lugo, Jessica RodrÃ­guez, Adriana RamÃ­rez, FÃ¡tima Ortega, Yan Collazo y Jorge Alexander y la mÃºsica en vivo de Rafael Martinez y la participaciÃ³n de HÃ©ctor Pietri, bajo la direcciÃ³n de Rosa Luisa MÃ¡rquez. 
 Apto para todas las edades.
 
 ğŸ—“ï¸ 11, 12, 13, y 14 de febrero de 2026
 ğŸš¨ Nuevas Funciones:
 ğŸ—“ï¸ 18 y 25 de febrero de 2026
 â° 8:00 PM (Puertas abren 7pm, Cocina y coctelerÃ­a durante la funciÃ³n)
 ğŸ“ Abracadabra Counter CafÃ© en Santurce, San Juan, Puerto Rico
 
 Precios:
 Preventa: $20.00 + ivu + c.s. (hasta el 31 de enero)
 General: $25.00 + ivu + c.s.",desde $20.00,false,Abracadabra Counter CafÃ© en Santurce,"Abracadabra Counter CafÃ© en Santurce, San Juan, Puerto Rico",65,7,https://boletos.prticket.com/events/en/cortaditoocapuchino,false,https://boletos.prticket.com/events/img_web/3/328/2246/m_poster.jpg,true
77,DÃ­a Nacional de La Zalsa,"DÃ­a Nacional de La Zalsa
 
 Zalseroâ€¦ LlegÃ³ tu dÃ­a !!! 
 Ven a celebrar el 42 Aniversario del evento de salsa mÃ¡s grande e importante de Puerto Rico, el â€œ DÃ­a Nacional de La Zalsa â€ de la emisora Z93.
 Este aÃ±o nuevamente la cita serÃ¡ en la â€œ Plaza de la Independencia â€ en las inmediaciones del Estadio Hiram Bithorn, San Juan, PR.
 
 La India
 Fruko Y Sus Tesos
 JosÃ© Alberto â€œEl Canarioâ€
 La Sonora PonceÃ±a
 La India
 Adolescentes Orquesta
 Chiquito Team Band
 Mickey Cora
 PR Es Salsa con Joey HernÃ¡ndez , Guillo Rivera y SimÃ³n PÃ©rez
 Carlos GarcÃ­a
 Manolito RodrÃ­guez y La Zonika 
 
 ğŸ—“ï¸ Domingo, 22 de Marzo de 2026
 â° 11:00 AM
 ğŸ“ Plaza de la Independencia, San Juan 
 
 PRECIOS:
 Pre-Venta General - $20.00 + ivu & c.s. ( Cantidad Limitada) SOLD OUT 
 General Regular - $30.00 + ivu & c.s.
 
 VIP - $65.00 + ivu & c.s. 
 Incluye: Silla por orden de llegada, BaÃ±os y Barras privadas. Espacio frente a la tarima. Fila de entrada exclusiva. 
 Nota:
 Se permitirÃ¡ sillitas de playa personales",desde $20.00,false,Plaza de la Independencia,"Plaza de la Independencia, San Juan",65,1,https://boletos.prticket.com/events/en/dnz26,false,https://boletos.prticket.com/events/img_web/3/32/1979/m_poster.jpg,true
78,â¤ï¸ğŸ’˜ DRAGACADABRAğŸ’˜â¤ï¸,"â¤ï¸ğŸ’˜ DRAGACADABRAğŸ’˜â¤ï¸
 
 
 Les invita a nuestro espectÃ¡culo de drag celebrando el mes de amor, la amistad 
 
 y el despecho! 
 
 
 ğŸ’• Contamos con la participaciÃ³n estelar de 
 
 Anoma Lia 
 
 Victoria Holiday 
 
 Sapphire Bee 
 
 Y Nahara Flowers 
 
 
 ğŸ’• AmbientaciÃ³n musical 
 
 Por DJ IMPERIA 
 
 
 ğŸ—“ sÃ¡bado, 21 de febrero de 2026 
 
 â° 8:00 PM 
 
 ğŸ“ Abracadabra Counter CafÃ© en Santurce, San Juan, Puerto Rico
 
 Precio:
 General: $12.00 + ivu + c.s.",$12.00,false,Abracadabra Counter CafÃ© en Santurce,"Abracadabra Counter CafÃ© en Santurce, San Juan, Puerto Rico",65,7,https://boletos.prticket.com/events/en/dragacadabra,false,https://boletos.prticket.com/events/img_web/3/328/2122/m_poster.jpg,true
79,El Aumento,"El Aumento
 
 Seis empleados, un aumento pendiente y el caos absoluto como obstÃ¡culo. Â¿QuÃ© pasa cuando sabes que mereces mÃ¡s, pero no tienes idea de cÃ³mo pedirlo? 
 Esta es la historia de un equipo que intenta dar el gran paso, pero termina atrapado en un ciclo infinito donde cada intento los devuelve al principio. 
 Una comedia sobre lo difÃ­cil que es avanzar cuando el sistema te obliga a empezar de cero una y otra vez. Â¡Ven a reÃ­rte del ciclo laboral que todos hemos vivido!
 
 ğŸ—“ï¸ 13 Y 14 de marzo de 2026
 â° 8:00 PM
 ğŸ“ Sala Experimental Carlos Marichal, Centro de Bellas Artes de Santurce, San Juan, Puerto Rico
 
 Precios:
 General: $15.00 + ivu + c.s.",$15.00,false,Centro de Bellas Artes de Santurce,"Centro de Bellas Artes de Santurce, San Juan, San Juan",65,7,https://boletos.prticket.com/events/en/elaumento,false,https://boletos.prticket.com/events/img_web/3/524/2318/m_poster.jpg,true
80,Enamorados de la Fe,"Enamorados de la Fe
 Concierto de RenÃ© GonzÃ¡lez
 
 En tiempos de tantos retos e incertidumbre, ven y renueva tu espÃ­ritu adorando a Dios junto al cantautor RenÃ© GonzÃ¡lez. SerÃ¡ una inspiradora e inolvidable noche!
 
 ğŸ—“ï¸sÃ¡bado, 18 de abril de 2026
 â° 7:00 PM
 ğŸ“ Teatro de la Universidad Interamericana de BayamÃ³n, Puerto Rico
 
 Precio:
 General: $38.00 + ivu + c.s.",$38.00,false,Teatro de la Universidad Interamericana de BayamÃ³n,"Teatro de la Universidad Interamericana de BayamÃ³n, Puerto Rico",11,1,https://boletos.prticket.com/events/en/enamoradosdelafe,false,https://boletos.prticket.com/events/img_web/3/558/2308/m_poster.jpg,true
81,ENCHAQUETAâ€™O Comedy Show (Season 2),"ENCHAQUETAâ€™O Comedy Show (Season 2) 
 
 Â¡Luego de 12 funcionesâ€¦ regresan los licenciados mÃ¡s graciosos de Puerto Rico!
 
 DespuÃ©s de defender a LUMA y ganar el caso porque se fue la luz en el tribunalâ€¦
 El Bufete LladÃ³, Castellar, Yamilet & Abuela Kuka presenta: Season 2 de Enchaquetaâ€™o.
 Un caso nuevo, un show nuevo, lleno de stand-up comedy, mÃºsica, luz (aunque no garantizamos que no se vaya), y por supuesto, un juicio completamente nuevo. 
 
 ğŸ—“ ï¸ sÃ¡bado, 25 de abril de 2026
 â° 8:00 PM 
 ğŸ“ Sala del Tribunal en el Teatro Tapia, San Juan, Puerto Rico 
 
 Â¡Quedan emplazados por segunda vez! 
 Y esta vezâ€¦ las objeciones se declaran sin lugar y su incumplimiento podrÃ¡ ser sancionado. 
 Respetuosamente sometido. 
 
 Precios: 
 Platea: $43.00 + ivu + c.s. 
 Palco 1er Nivel: $43.00 + ivu + c.s. 
 Palco 2do Nivel: $38.00 + ivu + c.s. 
 ParaÃ­so: $32.00 + ivu + c.s.",desde $32.00,false,Sala del Tribunal en el Teatro Tapia,"Sala del Tribunal en el Teatro Tapia, San Juan, Puerto Rico",65,7,https://boletos.prticket.com/events/en/enchaquetaocomedyshows2,false,https://boletos.prticket.com/events/img_web/3/36/2154/m_poster.jpg,true
82,FIBA World Cup Qualifiers 2026,"FIBA World Cup Qualifiers 2026
 
 ğŸ—“ï¸ PR vs Canada - jueves, 26 de Febrero de 2026 - â° 8:00 PM 
 ğŸ—“ï¸ PR vs Bahamas - domingo, 1 de marzo de 2026 - â° 6:00 PM
 ğŸ“Coliseo Roberto Clemente, San Juan
 
 Precios:
 General - $12.00+ ivu + c.s.
 Preferencia - Lateral- $18.00 + ivu + c.s.
 - Central- $24.00 + ivu + c.s.
 
 Palco - Lateral - $35.00 + ivu + c.s.
 - Central - $45.00 + ivu + c.s.",desde $12.00,false,Coliseo Roberto Clemente,"Coliseo Roberto Clemente, San Juan",65,3,https://boletos.prticket.com/events/en/fiba2026,false,https://boletos.prticket.com/events/img_web/3/12/2305/m_poster.jpg,true
83,iTF Es la Pelea - Aibonito,"iTF Es la Pelea - Aibonito 
 
 
 
 Miguel Cotto Promotions y H2 Entertainment presentan iTF â€¦ Es la pelea . Un emocionante concepto de eventos de boxeo profesional que reÃºne a los mejores prospectos en dearrollo para exponer sus mayores habilidades en combates muy parejos y decisivos que definirÃ¡n sus futuros en el mundo del boxeo. MÃ¡s allÃ¡ de las luces brillantes, la televisiÃ³n y las grandes promociones, iTF â€¦ Es la pelea ; celebra la esencia del boxeo, donde cada combate revive la adrenalina y el espÃ­ritu de competencia. Los boxeadores combatirÃ¡n no solo por la victoria, sino por el reconocimiento de quien es el mejor y la credibilidad que les permitirÃ¡ aspirar a convertirse en campeones del mundo. 
 
 En la segunda ediciÃ³n de iTF â€¦ Es la pelea en Aibonito, serÃ¡ una noche de alto voltaje con combates de primer nivel: de Barranquitas y peleando frente a su gente; William ""Piru"" GuzmÃ¡n se mide al invicto SebastiÃ¡n Cargua en un choque que promete fuegos artificiales. Lo que el pÃºblico pedÃ­a: â€˜La Revanchaâ€™ entre Belisa LÃ³pez De JesÃºs y GÃ©nesis LÃ³pez , con cuentas pendientes y emociones aseguradas en un combate a 6 asaltos en las 105 libras. Los prospectos Malik ""El Emblema"" QuiÃ±ones y Yadiel Alomar estarÃ¡n listos para demostrar su nivel; desde Aibonito llega el invicto JosÃ© Nieves para defender su paso perfecto. AdemÃ¡s, el esperado debut profesional de Jerryanis ""La Yeya"" Morales (Guayanilla), una joven con gran proyecciÃ³n. 
 
 
 
 SÃ¡bado, 18 de Abril de 2026 - 5:00 pm 
 
 @ Coliseo JosÃ© MarrÃ³n Aponte 
 
 
 Precios: 
 Entrada General - $25.00 + ivu & c.s. 
 
 
 
 Ring Side - $40.00 + ivu & c.s. 
 
 Red Carpet - $50.00 + ivu & c.s.",desde $25.00,false,Coliseo JosÃ© MarrÃ³n Aponte,"Coliseo JosÃ© MarrÃ³n Aponte, La Plata, Aibonito",5,3,https://boletos.prticket.com/events/en/itf-aibonito,false,https://boletos.prticket.com/events/img_web/3/496/1861/m_poster.jpg,true
84,iTF es la Pelea - Coliseo Francisco â€œPanchoâ€ Deida,"iTF es la Pelea 
 Miguel Cotto Promotions y H2 Entertainment presentan iTFâ€¦Es la pelea. Un emocionante concepto de eventos de boxeo profesional que reÃºne a los mejores prospectos en dearrollo para exponer sus mayores habilidades en combates muy parejos y decisivos que definirÃ¡n sus futuros en el mundo del boxeo. MÃ¡s allÃ¡ de las luces brillantes, la televisiÃ³n y las grandes promociones, iTFâ€¦Es la pelea ; celebra la esencia del boxeo, donde cada combate revive la adrenalina y el espÃ­ritu de competencia. Los boxeadores combatirÃ¡n no solo por la victoria, sino por el reconocimiento de quien es el mejor y la credibilidad que les permitirÃ¡ aspirar a convertirse en campeones del mundo. 
 Inaugurando la nueva plataforma y en el Coliseo Francisco 'Pancho' Deida en Hatillo, estarÃ¡n en acciÃ³n el invicto de Arecibo, 'El CapitÃ¡n' Christian Barreto, el fuerte pegador de Lares, 'El PrÃ­ncipe' Jordy Cardona, y desde el barrio Islote en Arecibo, el invicto Ryan Enoch RodrÃ­guez. AdemÃ¡s, el invicto mexicano Sergio Ramos y el anticipado debut del fajardeÃ±o Wiljay De La Paz. 
 
 ğŸ—“ï¸ sÃ¡bado, 21 de febrero de 2026
 â° 6:00 PM
 ğŸ“ Coliseo Francisco â€œPanchoâ€ Deida, Hatillo, Puerto Rico
 
 Precios:
 Red Carpet: $45.00 + ivu + c.s.
 Ring Side: $30.00 + ivu + c.s.
 Preferencia/General: $22.00 + ivu + c.s.",desde $22.00,false,Coliseo Francisco â€œPanchoâ€ Deida,"Coliseo Francisco â€œPanchoâ€ Deida, Hatillo, Puerto Rico",34,3,https://boletos.prticket.com/events/en/itfeslapelea,false,https://boletos.prticket.com/events/img_web/3/583/2251/m_poster.jpg,true
85,Leo Osuna Trio / Carola Ausbury,"Abracadabra Jazz Night presenta
 Leo Osuna Trio / Carola Ausbury
 
 Disfruta de una noche de jazz, boleros y mÃºsica en buena compaÃ±Ã­a. Carola Ausbury por primera vez en Abracadabra. Â¡No te lo pierdas!
 
 ğŸ¸ CoctelerÃ­a y cocina abierta toda la noche.
 
 ğŸ—“ï¸ viernes, 27 de febrero de 2026
 â° 8:00 PM
 ğŸšªPuertas abren 7pm
 ğŸ“ Abracadabra Counter CafÃ© en Santurce, San Juan, Puerto Rico
 
 Precios:
 $15.00 + ivu + c.s.",$15.00,false,Abracadabra Counter CafÃ© en Santurce,"Abracadabra Counter CafÃ© en Santurce, San Juan, Puerto Rico",65,1,https://boletos.prticket.com/events/en/jazznight2026,false,https://boletos.prticket.com/events/img_web/3/328/2228/m_poster.jpg,true
86,La Jamona se casa PreÃ±Ã¡,"La Jamona se casa PreÃ±Ã¡
 
 ğŸ—“ï¸ viernes 27 y sÃ¡bado 28 de febrero de 2026
 â° 8:30 PM
 ğŸ“ Teatro Municipal JosÃ© A. Monrouzeau, Hatillo, Puerto Rico
 
 Precio:
 General: $23.00 + ivu + c.s.",$23.00,false,Teatro Municipal JosÃ© A. Monrouzeau,"Teatro Municipal JosÃ© A. Monrouzeau, Hatillo, Puerto Rico",34,7,https://boletos.prticket.com/events/en/lajamonasecasaprena,false,https://boletos.prticket.com/events/img_web/3/244/2298/m_poster.jpg,true
87,Lasallista DÃ­a Familiar 2026,"Lasallista DÃ­a Familiar 2026
 La AsociaciÃ³n de Padres y Maestros y el Colegio De La Salle presentan el DÃ­a Familiar 2026, una celebraciÃ³n para compartir en familia y fortalecer el espÃ­ritu de la Familia Lasallista. 
 
 ğŸ—“ï¸domingo, 8 de marzo de 2026
 â° 10:00 AM
 ğŸ“ Colegio De La Salle, BayamÃ³n, Puerto Rico 
 
 HabrÃ¡ misa, kioscos de comida, mÃºsica en vivo, artesanos, mÃ¡quinas e inflables y mÃ¡s. 
 Se recomienda traer sillita. No se permiten neveritas ni carpas.
 
 Precios:
 Party + MÃ¡quinas + Inflables: $25.00 + ivu + c.s.
 (Solo para 7mo a 12mo)
 MÃ¡quinas + Inflables: $20.00 + ivu + c.s.",desde $20.00,false,Colegio De La Salle,"Colegio De La Salle, BayamÃ³n, Puerto Rico",11,9,https://boletos.prticket.com/events/en/lasallistadiafamiliar,false,https://boletos.prticket.com/events/img_web/3/493/2307/m_poster.jpg,true
88,Â¡Mamma Mia! Musical - Saint John,"Â¡Mamma Mia! Musical - Saint John's School
 
 Mamma Mia! is a joyful musical about Sophie, a young bride-to-be on a Greek island, who invites three men from her mother Donna's past (Sam, Bill, Harry) to her wedding, hoping to discover which one is her father, leading to hilarious confusion, reunions with old friends (Tanya & Rosie), and unexpected romance, all set to ABBA's classic hits. 
 Directed and choreographed by Michelle Alves, an accomplished actress, singer, and performer, who has appeared on Broadway and in numerous regional and local productions, including Mamma Mia! itself.
 Vocal Direction by Michelle Brava, one of Puerto Ricoâ€™s most recognized vocal directors in the musical theatre industry, with credits in local productions.
 Artistic Direction under Miguel Rosa LÃ³pez, Director and Theatre designer, with extensive experience in the local musical theatre industry.
 
 ğŸ—“ï¸ viernes, 20 de marzo de 2026 â° 7:30 PM
 ğŸ—“ï¸ sÃ¡bado, 21 de marzo de 2026 â° 7:30 PM
 ğŸ—“ï¸ domingo, 22 de marzo de 2026 â° 3:30 PM
 ğŸ“ Teatro Tapia en Viejo San Juan, San Juan, Puerto Rico
 
 Precios:
 Platea: $45.00 + ivu + c.s.
 Palco 1er Nivel: $45.00 + ivu + c.s.
 Palco 2do Nivel: $35.00 + ivu + c.s.
 ParaÃ­so: $25.00 + ivu + c.s.",desde $25.00,false,Teatro Tapia en Viejo San Juan,"Teatro Tapia en Viejo San Juan, San Juan, Puerto Rico",65,7,https://boletos.prticket.com/events/en/mammamiamusicalsaintjohnsschool,false,https://boletos.prticket.com/events/img_web/3/36/2293/m_poster.jpg,true
89,MÃ¡s Turbado... Que TÃº - Multiple Locations,"El Gazebo Presenta MÃ¡s Turbado... Que TÃº Stand Up
 
 ğŸ—“ï¸ sÃ¡bado, 13 de junio de 2026
 â° 8:00 PM
 ğŸ“ Teatro JosÃ© M. Lugo Emanuelli, Fajardo, Puerto Rico
 Precios :
 Planta Baja A-E: $40.00
 Planta Baja F-Q : $35.00
 Planta Baja R-V : $30.00
 
 ğŸ—“ï¸ jueves, 3 de septiembre de 2026
 â° 8:00 PM
 ğŸ“ Teatro YagÃ¼ez, MayagÃ¼ez, Puerto Rico
 Precios :
 Planta Baja A-G: $40.00
 Planta Baja H-R: $35.00
 Segundo Nivel: $30.00",desde $30.00,false,Teatro JosÃ© M. Lugo Emanuelli,"Teatro JosÃ© M. Lugo Emanuelli, Fajardo, Puerto Rico",27,7,https://boletos.prticket.com/events/en/masturbadoquetu,false,https://boletos.prticket.com/events/img_web/3/494/2313/m_poster.jpg,true
90,MisiÃ³n 939,"MisiÃ³n 939
 
 En el 2074, un grupo de actores se reÃºnen en Santurce para estrenar una de las producciones mÃ¡s importante de su carrera, pero minutos antes de que se levante el telÃ³n, algo sale terriblemente mal. Entre guerras internas, dudas con su puertorriqueÃ±idad el elenco tendrÃ¡ que decidir si el show continÃºaâ€¦ o si todo se va algarete antes de que llegue el pÃºblico. Las respuestas estÃ¡n en MisiÃ³n 939, una obra lunÃ¡tica que tienes que venir a verla.
 
 ğŸ—“ï¸ Jueves, 12 de febrero de 2026 - â° 8:00pm
 ğŸ—“ï¸ Viernes, 13 de febrero de 2026 - â° 8:00pm
 ğŸ—“ï¸ SÃ¡bado, 14 de febrero de 2026 - â° 8:00pm
 ğŸ—“ï¸ Domingo, 15 de febrero de 2026 - â° 6:00pm 
 ğŸ—“ï¸ Miercoles, 18 de febrero de 2026 - â° 8:00pm
 ğŸ—“ï¸ Jueves, 19 de febrero de 2026 - â° 8:00pm
 ğŸ—“ï¸ Viernes, 20 de febrero de 2026 - â° 8:00pm
 ğŸ—“ï¸ SÃ¡bado, 21 de febrero de 2026 - â° 8:00pm
 ğŸ“ Teatro Shorty Castro en Santurce, San Juan, Puerto Rico
 
 Precios:
 Planta Baja - $27.00 + ivu & c.s.
 Planta Alta - $22.00 + ivu & c.s.",desde $22.00,false,Teatro Shorty Castro en Santurce,"Teatro Shorty Castro en Santurce, San Juan, Puerto Rico",65,7,https://boletos.prticket.com/events/en/mision939,false,https://boletos.prticket.com/events/img_web/3/4/2284/m_poster.jpg,true
91,Noche de Impro en Pantis,"Noche de Impro en Pantis
 
 Noches de Impro en Panties es tu show de improvisaciÃ³n favorito que llega al Braulio Castillo solo con la improvisadoras mÃ¡s sexy del elenco. AcompÃ¡Ã±alas para disfrutar de las historias creadas al momento por mujeres y para mujeres.
 P.S. Los hombres tambiÃ©n estÃ¡n invitados.
 
 ğŸ—“ï¸ Viernes, 27 de marzo de 2026 â° 8:00 PM
 ğŸ—“ï¸ SÃ¡bado, 28 de marzo de 2026 â° 8:00 PM
 ğŸ—“ï¸ Domingo, 29 de marzo de 2026 â° 6:00 PM
 ğŸ“ Teatro Braulio Castillo, BayamÃ³n, Puerto Rico
 
 Precios:
 Planta Baja- $20.00 + ivu & c.s.
 Planta Alta -$15.00 + ivu & c.s.",desde $15.00,false,Teatro Braulio Castillo,"Teatro Braulio Castillo, BayamÃ³n, Puerto Rico",11,7,https://boletos.prticket.com/events/en/ndi-pantis,false,https://boletos.prticket.com/events/img_web/3/27/2319/m_poster.jpg,true
92,Noche del Perreo,"Noche del Perreo
 
 NOCHE DEL PERREO serÃ¡ el escenario de una producciÃ³n de alto nivel presentada por DJ Negro. Una noche dedicada a celebrar la era dorada del reguetÃ³n, reuniendo en una misma tarima a destacados exponentes del movimiento urbano. 
 En tarima: DJ Davey, DJ Nelson, DJ Negro, DJ Benny Blanco y DJ Adam. 
 Artistas invitados: Baby Ranks, J-King & Maximan y Don Chezina.
 Con una producciÃ³n de primer nivel en sonido, iluminaciÃ³n y ambientaciÃ³n, â€œNoche del Perreoâ€ promete una experiencia inolvidable para los amantes del old school.
 
 ğŸ—“ï¸ sÃ¡bado, 28 de marzo de 2026
 â° 8:00 PM
 ğŸ“ Hotel Sheraton Distrito de Convenciones, San Juan, Puerto Rico
 
 Precios:
 VIP Front Stage: $65.00 + ivu + c.s.
 VIP: $45.00 + ivu + c.s.
 Preferencia: $35.00 + ivu + c.s.
 General: $25.00 + ivu + c.s.",desde $25.00,false,Hotel Sheraton Distrito de Convenciones,"Hotel Sheraton Distrito de Convenciones, San Juan, Puerto Rico",65,1,https://boletos.prticket.com/events/en/nochedeperreo,false,https://boletos.prticket.com/events/img_web/3/49/2320/m_poster.jpg,true
93,NubarrÃ³n PÃ­caro,"NubarrÃ³n PÃ­caro
 
 â€œNubarrÃ³n PÃ­caroâ€ es una obra teatral surrealista para adultos que tiene como estructura subterrÃ¡nea la historia de una mujer cuyo asesinato quedÃ³ impune debido a intereses polÃ­ticos. AÃ±os despuÃ©s de este trÃ¡gico suceso, su nombre es utilizado de manera fraudulenta como electora en las elecciones generales del 2024 en Puerto Rico. Este acto de usurpaciÃ³n la impulsa a regresar de entre los muertos para narrar su propia historia, ofreciendo una perspectiva Ãºnica sobre la injusticia y la bÃºsqueda de verdad. La obra explora temas de identidad, memoria y el impacto duradero de la violencia polÃ­tica, invitando al pÃºblico a reflexionar sobre las complejidades de la justicia y la memoria colectiva.
 
 ğŸ—“ï¸ 1 de marzo de 2026
 ğŸ—“ï¸ 4,5,6,7,8 de marzo de 2026
 
 â° 7:30 PM
 ğŸ“ Teatro Teatro Y No HabÃ­a Luz
 
 Precio:
 Entrada General - 20.00 + ivu & c.s",,false,Taller Teatro â€œY No HabÃ­a Luzâ€,"Taller Teatro â€œY No HabÃ­a Luzâ€, San Juan, San Juan",65,7,https://boletos.prticket.com/events/en/nubarron-picaro,false,https://boletos.prticket.com/events/img_web/3/285/2294/m_poster.jpg,true
94,Penetrado - Stand Up,"Penetrado - Stand Up
 
 AsÃ­ como vamos en el mundo, al parecer todo se seguirÃ¡ complicando. Desde pagar todos los billes hasta escoger con quien bailar por ahÃ­. Por eso Kiko Blade llega en esta ocasiÃ³n, en su vigÃ©sima producciÃ³n para hablar de todas esas penetraciones que nos quieren complicar la existencia. Un standup comedy que no debes perderte porque la vida estÃ¡ demasiado dura como para no sacar un rato para reÃ­rse de todo, y por un instante, dejar de estar penetrado.
 Obviamente, solo para adult@s. #KikoEsDiferente
 
 ğŸ—“ï¸ viernes, 27 de febrero de 2026
 â° 8:30 PM
 ğŸ“ Teatro Braulio Castillo, BayamÃ³n, Puerto Rico
 
 Precios:
 Planta Baja: $35.00 + ivu + c.s.
 Planta Baja D-H: $30.00 + ivu + c.s.
 Planta Alta: $22.00 + ivu + c.s.",desde $22.00,false,Teatro Braulio Castillo,"Teatro Braulio Castillo, BayamÃ³n, Puerto Rico",11,7,https://boletos.prticket.com/events/en/penetradostandup,false,https://boletos.prticket.com/events/img_web/3/27/2297/m_poster.jpg,true
95,PopurrÃ­ de CariÃ±o: Concierto Ãntimo,"Andrea Cruz presenta 
 PopurrÃ­ de CariÃ±o: Concierto Ãntimo
 
 Las manifestaciones del amor se nos presentan en lo que vemos, sentimos y, tambiÃ©n, en lo que cantamos. Por eso, la artista Andrea Cruz les invita a la tercera ediciÃ³n del concierto PopurrÃ­ de CariÃ±o, el domingo 1 de marzo de 2026, a las 4:00 p. m. En esta ocasiÃ³n, celebra su Ãºltimo Ã¡lbum Bienquererse y une al repertorio esas canciones del ayer que son un lugar comÃºn en nuestras memorias: Algo Contigo, Contigo en la Distancia, CÃ³mo fueâ€¦ y mÃ¡s. Junto a varios mÃºsicos puertorriqueÃ±os, Andrea Cruz propone una velada que provoque encuentros que toquen la fibra del corazÃ³n. 
 En escena, le acompaÃ±arÃ¡ la tejedora y artista Jomary Ortega , quien estarÃ¡ creando una pieza en vivo que se llenarÃ¡ de las anÃ©cdotas del concierto, las canciones y las vivencias que, desde la casa cultural e histÃ³rica Villa Julita, en Aibonito, donde se celebrarÃ¡ la velada, lograremos recordar. 
 HabrÃ¡ comida y bebida disponibles para el pÃºblico. 
 
 ğŸ—“ï¸ Domingo 1 de marzo de 2026 (Nueva Fecha) 
 â° 4:00 p. m 
 ğŸ“ Casa Villa Julita, Aibonito PR 
 403-405 Ave San JosÃ©, Aibonito, 00705 
 GPS - https://maps.app.goo.gl/7C1WXpAchaT971W67 
 
 Precio: 
 Preventa - $35.00 +ivu & c.s. (Cantidad Limitada) 
 General - $40.00 + ivu & c.s.
 Nota: 
 
 
 Estacionamiento: 
 Frente al lote de la casa o en la avenida donde se encuentra Polluelos Autoparts, Aibonito, Puerto Rico. 
 Sobre: 
 Andrea Cruz https://www.andreacruzmusica.com/ 
 Casa Villa Julita: https://www.casavillajulita.org/ 
 No Toquemos Tierra: https://www.notoquemostierra.net/ 
 
 Evento posible gracias a Micheo Music, Casa Villa Julita, No Toquemos Tierra, Beca de Whippoorwill Arts 2025-2026.",desde $35.00,false,Casa Villa Julita,"Casa Villa Julita, Aibonito PR",5,1,https://boletos.prticket.com/events/en/popurri,false,https://boletos.prticket.com/events/img_web/3/588/2286/m_poster.jpg,true
96,Remembering in Acoustic,"Remembering in Acoustic
 
 DÃ©jate llevar por un viaje musical que cruza fronteras y emociones, donde cada nota se convierte en un susurro al interior. En un ambiente acÃºstico Ã­ntimo y elegante, gÃ©neros diversos se entrelazan para crear una experiencia sonora Ãºnica. Bajo la direcciÃ³n musical de Pedro Obando, Remembering in Acoustic reÃºne a un destacado elenco de talentosos artistas para dar vida a melodÃ­as que fluyen con sensibilidad y pasiÃ³n, despertando recuerdos, emociones y los mÃ¡s profundos sentimientos de tu corazÃ³n. Ven a vivir una velada inolvidable donde la mÃºsica transforma lo Ã­ntimo en eterno.
 
 
 ğŸ—“ï¸ domingo, 15 de marzo de 2026
 â° 5:00 PM
 ğŸ“ Teatro Tapia en Viejo San Juan, San Juan, Puerto Rico
 
 
 Precio:
 
 Platea: $30.00 + ivu + c.s.
 
 Palco 1er Nivel: $25.00 + ivu + c.s.
 
 Palco 2do Nivel: $20.00 + ivu + c.s.
 
 ParaÃ­so: $15.00 + ivu + c.s.",desde $15.00,false,Teatro Tapia en Viejo San Juan,"Teatro Tapia en Viejo San Juan, San Juan, Puerto Rico",65,1,https://boletos.prticket.com/events/en/rememberinginacoustic,false,https://boletos.prticket.com/events/img_web/3/36/2300/m_poster.jpg,true
97,Ricky ColÃ³n: En Complicidad,"Ricky ColÃ³n: En Complicidad
 Con tan solo 23 aÃ±os, Ricky ColÃ³n se presenta como una de las voces jÃ³venes mÃ¡s prometedoras de la mÃºsica romÃ¡ntica en Puerto Rico. Reconocido por su paso como excantante de la legendaria orquesta de Willie Rosario y por su actual participaciÃ³n como vocalista de Luisito Ayala y La Puerto Rican Power, Ricky se desprende aquÃ­ del ritmo salsero para entregarse, con absoluta honestidad, al lenguaje profundo del bolero.
 En Complicidad es un concierto Ã­ntimo, concebido para escuchar de cerca. AcompaÃ±ado por algunos de los mejores mÃºsicos del paÃ­s, Ricky ColÃ³n interpreta una cuidada selecciÃ³n de boleros tradicionales y contemporÃ¡neos, revelando una capacidad interpretativa marcada por la entrega, la sensibilidad y el respeto al gÃ©nero.
 En la atmÃ³sfera cercana del MonerÃ³ CafÃ© Teatro, cada canciÃ³n se convierte en una confesiÃ³n y cada silencio en un puente directo al corazÃ³n. Este concierto invita al pÃºblico a ser testigo de una certeza: estÃ¡n escuchando el futuro del bolero puertorriqueÃ±o, narrado en una voz joven que honra la tradiciÃ³n mientras la proyecta hacia adelante.
 
 ğŸ—“ï¸ domingo, 7 de junio de 2026
 â° 4:30 PM
 ğŸ“ MonerÃ³ CafÃ© Teatro, Caguas, Puerto Rico
 
 Precio:
 General: $25.00 + ivu + c.s.",$25.00,false,MonerÃ³ CafÃ© Teatro,"MonerÃ³ CafÃ© Teatro, Caguas, Puerto Rico",13,1,https://boletos.prticket.com/events/en/rickycolonencomplicidad,false,https://boletos.prticket.com/events/img_web/3/59/2281/m_poster.jpg,true
98,Standoperos - Cuarto Aniversario,"Standoperos - Cuarto Aniversario
 
 Con mÃ¡s de 200 shows presentados en Puerto Rico y Estados Unidos, Standoperos es el show de stand-up comedy puertorriqueÃ±o mÃ¡s exitoso de su generaciÃ³n.
En solo cuatro aÃ±os, Standoperos se ha posicionado como uno de los proyectos de stand-up comedy mÃ¡s influyentes de Puerto Rico. Por eso esta vez no es solo un show de comedia, es un encuentro con la comunidad que ha acompaÃ±ado este proyecto desde el primer micrÃ³fono. Una noche especial para reÃ­r y celebrar juntos.
 
 Con los Standoperos:
Cristina SÃ¡nchez, Erick Bonilla, Ernesto RolÃ³n y Titito SÃ¡nchez.
 
 ğŸ—“ï¸ viernes 27 y sabado 28 de marzo de 2026
 â° 8:00 PM
 ğŸ“ Teatro Tapia en Viejo San Juan, San Juan, Puerto Rico
 
 Precios:
 Platea: $39.83 + ivu + c.s.
 Platea E-P: $35.35 + ivu + c.s.
 Palco 1er Nivel: $30.86 + ivu + c.s.
 Palco 2do nivel: $26.38 + ivu + c.s.
 Palco 2do nivel: $21.90 + ivu + c.s.
 ParaÃ­so: $21.90 + ivu + c.s.",desde $21.90,false,Teatro Tapia en Viejo San Juan,"Teatro Tapia en Viejo San Juan, San Juan, Puerto Rico",65,7,https://boletos.prticket.com/events/en/standoperoscuartoaniversario,false,https://boletos.prticket.com/events/img_web/3/36/2306/m_poster.jpg,true
99,Synergy Live,"Synergy Live
 New Sound Collective es un ensamble de cinco mÃºsicos con base en Puerto Rico, especializados en jazz contemporÃ¡neo, composiciones originales, y arreglos e interpretaciones de temas tradicionales y modernos. A pesar de que los mÃºsicos han cambiado desde su inicio pero la esencia sigue igual.
 
 Dichos mÃºsicos actuales son:
 Edgardo Sierra, newcomer del saxofÃ³n tenor
 Willian J. SuÃ¡rez, lÃ­der-compositor/arreglista y guitarrista
 Michael GonzÃ¡lez, graduado de Berklee y de Manhattan School of Music, guitarrista
 Daniel Andrades, mejor conocido por tocar con artistas como Eduardo Zayaz y Leonardo Osuna en la escena de jazz local en Puerto Rico, bajista.
 William Candelario, graduado de Berklee y participa en diversos grupos y de diversos estilos, baterista.
 
 ğŸ—“ï¸ viernes, 10 de abril de 2026
 â° 8:00 PM (Puertas Abren a las 7:00 PM)
 ğŸ“ Abracadabra Counter CafÃ© en Santurce, San Juan, Puerto Rico
 
 Show:
 Comienzo: 8:00 PM - 8:30 PM
 IntermisiÃ³n: 9:20 PM
 Set 2: 9:35 PM
 IntermisiÃ³n: 10:30 PM
 
 Precios:
 Preventa: $10.00 + ivu + c.s.
 General: $15.00 + ivu + c.s.",desde $10.00,false,Abracadabra Counter CafÃ© en Santurce,"Abracadabra Counter CafÃ© en Santurce, San Juan, Puerto Rico",65,1,https://boletos.prticket.com/events/en/synergylive,false,https://boletos.prticket.com/events/img_web/3/328/2311/m_poster.jpg,true
100,Tata y Mela tienen un Show,"Tata y Mela tienen un Show
 Tata y Mela tienen un show es la primera colaboraciÃ³n formal entre las artistas puertorriqueÃ±as MarisÃ© â€œTataâ€ Ãlvarez y Mariela â€œMelaâ€ PabÃ³n, escritoras y protagonistas de este show de comedia, que combina elementos de stand-up comedy con sketch e improvisaciÃ³n teatral.
 Las comediantes y amigas hablarÃ¡n sobre los caminos que las llevaron a encontrarse y compartirÃ¡n anÃ©cdotas divertidas sobre este vÃ­nculo tan particular que han forjado en sus 11 aÃ±os de amistad. Las artistas buscan explorar la complicidad que las une a pesar de sus diferencias; y conectar con la audiencia a travÃ©s de temas - como el amor y el desamor, la amistad, y de como navegan su inmadurez y sus neuras juntas. 
 La presentaciÃ³n va dirigida a una audiencia adulta de 18 aÃ±os en adelante.
 
 ğŸ—“ï¸ viernes, 6 de marzo de 2026 â° 8:00 PM
 ğŸ—“ï¸sÃ¡bado, 7 de marzo de 2026 â° 8:00 PM
 ğŸ—“ï¸domingo, 8 de marzo de 2026 â° 6:00 PM
 ğŸ“ Teatro Braulio Castillo, BayamÃ³n, Puerto Rico
 
 Precios:
 Planta baja (filas A - C): $42.00 + ivu + c.s.
 Planta baja (fila D - H): $33.00 + ivu + c.s.
 Planta alta (todas las filas): $23.00 + ivu + c.s.",desde $23.00,false,Teatro Braulio Castillo,"Teatro Braulio Castillo, BayamÃ³n, Puerto Rico",11,7,https://boletos.prticket.com/events/en/tataymelatienenunshow,false,https://boletos.prticket.com/events/img_web/3/27/2310/m_poster.jpg,true
101,Tres Espermatozoides,"Desde Nueva York llega a Puerto Rico la divertida comedia Tres Espermatozoides, escrita por el reconocido autor espaÃ±ol Juan Carlos Rubio y dirigida por el puertorriqueÃ±o RaÃºl Rivera.
 Tres Espermatozoides
 
 TRES Espermatozoides , narra el reencuentro de tres amigas despuÃ©s de aÃ±os, un encuentro que se convierte en un viaje introspectivo lleno de risas, confesiones y revelaciones. A travÃ©s de situaciones hilarantes y diÃ¡logos cargados de ironÃ­a, la pieza aborda temas universales como la amistad, la lealtad, el amor, la familia y el empoderamiento femenino, mostrando cÃ³mo las mujeres enfrentan los retos de la mediana edad y los sueÃ±os no cumplidos. Con un tono fresco y actual, â€œ Tres espermatozoides â€ se presenta como una comedia contemporÃ¡nea que, mÃ¡s allÃ¡ de provocar carcajadas, conecta con las inquietudes de la mujer .
 
 Protagonizada por Belange RodrÃ­guez, Rita Ortiz y MarÃ­a Cotto, junto a Yorman Ostos, la obra explora, con humor afilado y mucha humanidad, las vueltas inesperadas de la vida, la maternidad y las decisiones que nos transforman.
 Una experiencia teatral fresca, cercana y llena de energÃ­a. 
 
 ğŸ—“ï¸ viernes, 20 de febrero de 2026 â° 8:00 PM
 ğŸ—“ï¸ sÃ¡bado, 21 de febrero de 2026 â° 8:00 PM
 ğŸ—“ï¸ domingo, 22 de febrero de 2026 â° 4:00 PM
 ğŸ“ Teatro Tapia en Viejo San Juan, San Juan, Puerto Rico
 
 Precios:
 Platea: $40.00 + ivu + c.s.
 Palco 1er Nivel: $40.00 + ivu + c.s.
 Palco 2do nivel: $30.00 + ivu + c.s.
 ParaÃ­so: $25.00 + ivu + c.s.",desde $25.00,false,Teatro Tapia en Viejo San Juan,"Teatro Tapia en Viejo San Juan, San Juan, Puerto Rico",65,7,https://boletos.prticket.com/events/en/tresespermatozoides,false,https://boletos.prticket.com/events/img_web/3/36/2239/m_poster.jpg,true
102,Unidos Por La Magia,"Unidos Por La Magia
 
 La magia tambiÃ©n cura. Seis de los mejores magos de Puerto Rico se unen en una noche Ãºnica de ilusiÃ³n y solidaridad para apoyar al mago Hansel Kreutzberger, quien atraviesa un delicado momento de salud. Todo lo recaudado serÃ¡ destinado al 100% a cubrir sus gastos mÃ©dicos y su sustento, ya que actualmente no puede realizar shows. 
 Reynold Alexander, Jorge Noda, Barry Barry, Mago MC, LuÃ­s Anibal y Mr. Dwella.
 Juntos en un mismo escenario por una buena causa.
 
 ğŸ—“ï¸ jueves, 26 de febrero de 2026
 â° 8:00 PM
 ğŸ“ Abracadabra Counter CafÃ© en Santurce, San Juan, Puerto Rico
 
 Precio:
 General: $25.00 + cs.",$25.00,false,Abracadabra Counter CafÃ© en Santurce,"Abracadabra Counter CafÃ© en Santurce, San Juan, Puerto Rico",65,7,https://boletos.prticket.com/events/en/unidosporlamagia,false,https://boletos.prticket.com/events/img_web/3/328/2314/m_poster.jpg,true
103,Winter Clash 2026!,"Winter Clash 2026!
 El evento que combina los videojuegos con la lucha libre regresa al Coliseo PedrÃ­n Zorrilla este prÃ³ximo 21 de febrero.
 
 ğŸ—“ï¸ sÃ¡bado, 21 de febrero de 2026
 ğŸ“ Coliseo PedrÃ­n Zorrilla, San Juan, Puerto Rico
 â° 10:00 AM
 
 Precios:
 Adultos: $15.00 + ivu + c.s.
 NiÃ±os: $10.00 + ivu + c.s.
 
 Winter Clash serÃ¡ mejor que nunca con diferentes experiencias y actividades dentro del evento incluyendo:
 Torneos de Videojuegos
 Super Smash Bros Ultimate
 2XKO
 Street Fighter 6
 Tekken 8
 Guilty Gear Strvie
 Fatal Fury: City Of The Wolves
 Mortal Kombat 1
 Fortnite
 Mario Kart World
 Rocket League
 Overwatch
 
 Exhibiciones de Lucha Libre e invitados especiales:
 Con invitado especial HUGO SAVINOVICH como narrador invitado
 Exhibiciones de lucha con luchadores locales de Puerto Rico
 
 Torneos de TCG:
 Yu-Gi-OH
 PokÃ©mon
 
 Torneos de Beyblade
 Vendors 
 Premios
 DinÃ¡micas y competencias para el pÃºblico",desde $10.00,false,Coliseo PedrÃ­n Zorrilla,"Coliseo PedrÃ­n Zorrilla, San Juan, Puerto Rico",65,4,https://boletos.prticket.com/events/en/winterclash2026,false,https://boletos.prticket.com/events/img_web/3/70/2277/m_poster.jpg,true
104,WWC Aniversario 53,"WWC Aniversario 53
 El evento de lucha libre mÃ¡s importante de todos, WWC Aniversario 53, regresa al Coliseo Roberto Clemente de San Juan. 
 
 ğŸ—“ï¸ SÃ¡bado, 27 de junio de 2026 
 â° 8:00 PM 
 ğŸ“ Coliseo Roberto Clemente en San Juan, Puerto Rico 
 
 Precios: 
 Palco: $25.00 + ivu + c.s.
 Ring Side: $75.00 + ivu + c.s.",desde $25.00,false,Coliseo Roberto Clemente en San Juan,"Coliseo Roberto Clemente en San Juan, Puerto Rico",65,3,https://boletos.prticket.com/events/en/wwcaniversario53,false,https://boletos.prticket.com/events/img_web/3/12/2247/m_poster.jpg,true
105,Ya En Mi Tierra No Es Lo Mismo,"Ya En Mi Tierra No Es Lo Mismo 
 
 Antonio es un joven que se encuentra en su Ãºltimo aÃ±o de universidad y va de visita a casa de su abuelo Don JosÃ©, quien vive en el campo de la zona este de Puerto Rico. Don JosÃ©, sufre de Alzheimer y es un apasionado de la mÃºsica y la poesÃ­a. La historia muestra como este abuelo busca llevarle el mensaje a su nieto, de que el futuro de Puerto Rico son los jÃ³venes. Que el recurso mÃ¡s preciado que tenemos, son ellos. 
 
 Una producciÃ³n de Pazos Media Group Inc. 
 
 Con la actuaciÃ³n de: 
 Edwin Emil MorÃ³ 
 Giancarlo RodrÃ­guez 
 Sophia Carolina Serrano 
 Juan JosÃ© SÃ¡nchez 
 
 Y la direcciÃ³n de: 
 Cheryl Robles 
 
 ğŸ—“ï¸ sÃ¡bado, 14 de marzo de 2026 
 â° 7:00 PM 
 ğŸ“ Teatro Tapia en Viejo San Juan, San Juan, Puerto Rico 
 
 ğŸ—“ï¸ sÃ¡bado, 9 de mayo de 2026 
 â° 7:00 PM 
 ğŸ“ Teatro YagÃ¼ez en MayagÃ¼ez, Puerto Rico
 
 Precios: 
 1er Nivel: $30.00 + ivu + c.s. 
 2do Nivel: $25.00 + ivu + c.s. 
 3er Nivel: $20.00 + ivu + c.s.",desde $20.00,false,Teatro Tapia en Viejo San Juan,"Teatro Tapia en Viejo San Juan, San Juan, Puerto Rico",65,7,https://boletos.prticket.com/events/en/yaenmitierranoeslomismo,false,https://boletos.prticket.com/events/img_web/3/494/2288/m_poster.jpg,true
